#{"t_start": 1764790684.3326151, "env_id": "None"}
r,l,t
-43.0,4,7.047036
-27.0,8,7.078929
-47.0,1,7.083776
-47.0,1,7.089361
-46.0,2,7.099157
-37.0,4,7.11978
-47.0,1,7.123244
-46.0,2,7.129157
-47.0,1,7.132343
-47.0,1,7.135899
297.0,141,7.578988
-45.0,2,7.585366
-47.0,1,7.588209
-47.0,1,7.591136
75.0,50,7.733763
-7.0,10,7.760777
-43.0,2,7.766023
-32.0,4,7.776825
-45.0,2,7.782041
-40.0,3,7.789876
-47.0,1,7.792713
-46.0,1,7.795347
-32.0,6,7.810092
-46.0,1,7.812899
-46.0,1,7.815725
-44.0,2,7.820802
-46.0,1,7.823498
-47.0,1,7.826213
-46.0,1,7.829234
-26.0,9,7.862007
21.0,29,7.941574
-46.0,1,7.944566
72.0,33,8.03144
-40.0,7,8.057668
-31.0,4,8.070219
-46.0,2,8.075857
-41.0,3,8.084111
193.0,135,8.473973
-47.0,1,8.476951
346.0,145,8.878015
-27.0,7,8.896675
120.0,64,9.063139
-46.0,2,9.07647
115.0,52,9.21283
-37.0,4,9.22326
10.0,14,9.26911
-46.0,2,9.283104
315.0,145,9.668442
-46.0,1,9.670977
-45.0,2,9.676055
-47.0,1,9.678559
424.0,162,10.151105
-47.0,1,10.154104
569.0,237,10.837514
-46.0,1,10.840554
-46.0,2,10.846223
66.0,32,10.941392
445.0,209,11.546401
-12.0,19,11.606028
-47.0,1,11.609172
-47.0,1,11.612193
-46.0,1,11.615326
-47.0,1,11.617941
-47.0,1,11.620761
-45.0,2,11.625986
-46.0,2,11.631291
-47.0,1,11.634082
-41.0,5,11.646714
-41.0,3,11.660328
80.0,33,11.743631
-46.0,2,11.748673
-44.0,2,11.7542
-46.0,1,11.761379
-47.0,1,11.765325
-33.0,5,11.778526
-46.0,1,11.78128
-46.0,2,11.786292
-47.0,1,11.789089
55.0,38,11.906934
-47.0,1,11.909613
231.0,67,12.109905
-47.0,1,12.112847
-47.0,1,12.116029
-46.0,2,12.121432
1111.0,382,16.120285
-45.0,3,16.138239
-47.0,1,16.141442
-47.0,1,16.144798
-47.0,1,16.147969
-46.0,1,16.151446
-46.0,1,16.154826
275.0,98,16.458854
-20.0,7,16.478074
-2.0,13,16.513508
-47.0,1,16.516732
223.0,81,16.800617
-47.0,1,16.803523
-37.0,4,16.814059
-47.0,1,16.816919
-32.0,5,16.829764
81.0,56,16.995691
-47.0,1,16.998426
2.0,16,17.039684
-42.0,2,17.046193
-47.0,1,17.049219
-47.0,1,17.052009
-23.0,17,17.105237
1116.0,400,18.261676
899.0,264,19.049205
-47.0,1,19.052503
-42.0,2,19.058186
-47.0,1,19.060933
-47.0,1,19.063866
585.0,219,19.67528
-47.0,1,19.677954
-47.0,1,19.680763
429.0,128,20.07166
-46.0,1,20.074631
4.0,16,20.122028
97.0,37,20.239896
-38.0,6,20.25898
-46.0,1,20.26226
-46.0,1,20.271024
-31.0,7,20.292749
-46.0,2,20.298671
-45.0,2,20.304883
-42.0,4,20.316463
-46.0,1,20.319732
340.0,134,20.721238
-46.0,1,20.723958
-40.0,3,20.731923
-46.0,1,20.734736
-44.0,3,20.742349
-46.0,2,20.748283
1096.0,344,21.727245
-47.0,1,21.730341
65.0,31,21.817862
-46.0,1,21.822233
-41.0,6,21.840118
-46.0,2,21.847435
241.0,123,23.699143
-47.0,1,23.702147
414.0,166,24.229271
-47.0,1,24.232104
88.0,38,24.338212
-47.0,1,24.340902
89.0,34,24.445034
164.0,68,24.648891
-46.0,2,24.655217
483.0,141,25.074284
-47.0,1,25.076982
117.0,69,25.262336
-44.0,4,25.273072
-47.0,1,25.275801
157.0,61,25.445426
-35.0,4,25.456125
316.0,121,25.789991
-36.0,4,25.800204
-47.0,1,25.803567
274.0,95,26.124921
609.0,188,26.958115
-41.0,3,26.969916
20.0,17,27.0448
-47.0,1,27.049099
73.0,30,27.198009
-47.0,1,27.202889
-36.0,4,27.228788
-46.0,1,27.233872
-47.0,1,27.23891
-47.0,1,27.243191
-47.0,1,27.247682
237.0,78,27.581407
43.0,29,27.696861
-47.0,1,27.70103
-47.0,1,27.706082
-44.0,3,27.719571
-47.0,1,27.72373
-45.0,3,27.735066
324.0,114,28.243706
-31.0,8,28.274271
3.0,19,28.35339
-29.0,6,28.374095
-47.0,1,28.377762
-47.0,1,28.381386
-29.0,6,28.410452
499.0,157,29.139224
539.0,212,29.797199
301.0,107,30.104152
-47.0,1,30.106944
-32.0,13,30.142658
-46.0,2,30.149387
-46.0,1,30.152855
114.0,54,30.326189
-42.0,2,30.331424
-47.0,1,30.334419
-47.0,1,30.337253
-47.0,1,30.340103
-41.0,2,30.345424
-47.0,1,30.34831
-28.0,9,30.371936
-42.0,3,30.37951
-21.0,8,30.399789
-46.0,2,30.413054
-47.0,1,30.416309
254.0,95,32.115118
-47.0,1,32.117848
135.0,46,32.250609
-46.0,2,32.261045
-47.0,1,32.266628
-44.0,2,32.272844
-43.0,2,32.278774
85.0,56,32.445686
-47.0,1,32.448481
-47.0,1,32.451227
-46.0,1,32.454247
149.0,61,32.630675
-47.0,1,32.633448
-47.0,1,32.636193
-47.0,1,32.638958
30.0,28,32.719588
536.0,185,33.253923
-46.0,2,33.259146
-46.0,1,33.262024
-47.0,1,33.264869
63.0,36,33.370599
-41.0,4,33.387677
-5.0,13,33.43537
45.0,22,33.499421
15.0,15,33.543272
313.0,109,33.851423
-46.0,1,33.854246
-47.0,1,33.857058
-33.0,5,33.869593
-47.0,1,33.872703
-44.0,3,33.880482
419.0,115,34.206878
9.0,18,34.262618
-44.0,2,34.268358
168.0,62,34.455316
-47.0,1,34.458128
-30.0,5,34.470832
-47.0,1,34.473747
-44.0,2,34.48095
-47.0,1,34.483981
-44.0,2,34.489531
-11.0,16,34.539684
-47.0,1,34.54283
670.0,209,35.127253
24.0,20,35.190737
18.0,36,35.29151
-42.0,2,35.296815
-47.0,1,35.299736
-45.0,2,35.304994
-45.0,3,35.313177
-4.0,19,35.368664
318.0,108,35.676701
765.0,225,36.333344
-47.0,1,36.33638
-41.0,5,36.349761
-47.0,1,36.352418
-47.0,1,36.355106
-10.0,9,36.37739
-45.0,2,36.38268
-47.0,1,36.38562
-47.0,1,36.392967
38.0,21,36.445504
-26.0,12,36.484812
16.0,19,36.547987
-47.0,1,36.550798
-47.0,1,36.553424
-32.0,6,36.569465
-46.0,1,36.572435
-34.0,6,36.59036
9.0,16,36.641746
-46.0,1,36.644697
-46.0,1,36.647605
116.0,57,36.820595
-47.0,1,36.824155
-38.0,4,36.837979
541.0,167,37.295412
-46.0,1,37.298298
-3.0,12,37.338479
26.0,18,37.3873
141.0,44,37.523363
-46.0,1,37.532943
15.0,15,37.578794
-47.0,1,37.581752
-28.0,5,37.595955
-47.0,1,37.599148
-47.0,1,37.601939
26.0,18,37.653164
178.0,71,37.848095
-47.0,1,37.850888
-47.0,1,37.853752
-32.0,6,37.870105
-44.0,4,39.403026
-46.0,1,39.407772
-46.0,1,39.412516
-2.0,29,39.545064
-26.0,13,39.604078
-47.0,1,39.611067
-46.0,1,39.616715
-46.0,1,39.621802
10.0,14,39.688149
189.0,64,39.963989
-47.0,1,39.96784
369.0,94,40.381285
-6.0,9,40.41722
-14.0,13,40.47873
-47.0,1,40.48384
73.0,30,40.620277
-47.0,1,40.624824
-47.0,1,40.629025
-46.0,2,40.637126
-47.0,1,40.641014
-47.0,1,40.644934
-17.0,10,40.690361
72.0,31,40.836378
-47.0,1,40.842106
77.0,37,40.998527
-1.0,25,41.104357
-44.0,4,41.124111
-46.0,1,41.12845
59.0,49,41.330185
-47.0,1,41.33402
-47.0,1,41.337924
-47.0,1,41.341703
-18.0,8,41.369047
-47.0,1,41.37276
-47.0,1,41.376223
1019.0,293,42.561103
-46.0,2,42.566344
61.0,27,42.64158
-47.0,1,42.644313
37.0,22,42.705879
-47.0,1,42.709662
-47.0,1,42.712416
-47.0,1,42.715137
35.0,27,42.781318
-43.0,2,42.786275
95.0,51,42.944316
-47.0,1,42.947017
-34.0,4,42.958079
-42.0,2,42.963875
-25.0,7,42.982895
-46.0,1,42.985656
-28.0,7,43.004767
-47.0,1,43.007869
27.0,29,43.089894
-43.0,5,43.103153
-47.0,1,43.106022
85.0,38,43.211137
-35.0,4,43.229827
-44.0,3,43.237895
-47.0,1,43.240694
-47.0,1,43.243556
80.0,60,43.414744
-47.0,1,43.417627
-41.0,3,43.430922
-47.0,1,43.43576
-46.0,1,43.439079
-39.0,3,43.446918
-46.0,2,43.452307
-46.0,1,43.45506
-47.0,1,43.457741
-27.0,6,43.472525
252.0,67,43.657353
-47.0,1,43.660175
210.0,75,43.885288
1002.0,286,44.689776
-47.0,1,44.692893
-46.0,1,44.696002
-47.0,1,44.698763
4.0,13,44.732121
-47.0,1,44.734894
-22.0,8,44.755432
-44.0,4,44.772414
40.0,25,44.841856
622.0,181,45.413646
-40.0,5,45.426297
-42.0,2,45.431574
56.0,29,45.50913
-47.0,1,45.511856
-44.0,2,45.517208
-40.0,4,45.527825
-46.0,1,45.531097
30.0,26,45.605825
-47.0,1,45.609058
-47.0,1,45.612005
-46.0,1,45.614955
229.0,62,45.788275
-47.0,1,45.791496
-47.0,1,45.794507
0.0,19,45.85383
-47.0,1,45.856602
-47.0,1,45.859254
109.0,48,46.010505
-46.0,1,46.013737
-46.0,1,46.016514
-46.0,1,46.019584
-46.0,2,46.025204
-46.0,1,46.0281
-44.0,4,46.039471
-43.0,2,46.045258
-46.0,1,46.048467
-47.0,1,46.051337
891.0,262,48.317292
-3.0,10,48.345307
-1.0,24,48.417377
17.0,21,48.48238
-13.0,10,48.508653
-26.0,8,48.531665
224.0,72,48.739462
-47.0,1,48.742289
438.0,144,49.174716
-47.0,1,49.177452
-26.0,10,49.210303
10.0,19,49.259488
128.0,57,49.414334
-46.0,1,49.41712
530.0,132,49.785926
130.0,45,49.925606
-43.0,2,49.931239
-46.0,1,49.934436
221.0,85,50.188526
-47.0,1,50.19131
-46.0,1,50.194153
-47.0,1,50.197015
-38.0,4,50.209128
-46.0,2,50.214463
87.0,35,50.311608
-47.0,1,50.314768
-47.0,1,50.317723
288.0,104,50.610475
-39.0,3,50.618375
-47.0,1,50.621051
-43.0,3,50.629452
-36.0,6,50.651464
304.0,92,50.902273
-46.0,1,50.905042
-34.0,7,50.923392
-47.0,1,50.926766
91.0,42,51.04535
706.0,231,51.727524
504.0,149,52.140081
-46.0,1,52.143081
52.0,34,52.253652
-46.0,1,52.256406
685.0,216,53.144246
-47.0,1,53.149925
670.0,195,53.971892
-41.0,4,53.991203
-46.0,1,53.996408
20.0,25,54.093027
136.0,64,54.379433
-46.0,1,54.383721
-44.0,2,54.391556
-43.0,2,54.399115
-24.0,8,54.436944
-37.0,8,56.229151
335.0,100,56.513677
-16.0,11,56.55275
-47.0,1,56.555874
51.0,39,56.673114
-47.0,1,56.67595
105.0,36,56.779232
-47.0,1,56.78249
-33.0,10,56.810078
51.0,23,56.875079
-47.0,1,56.877834
-47.0,1,56.880708
-45.0,2,56.88623
-45.0,2,56.891726
-47.0,1,56.894892
-46.0,2,56.900409
-47.0,1,56.903461
43.0,26,56.984962
99.0,46,57.113132
458.0,142,57.52103
-47.0,1,57.523809
-47.0,1,57.527012
50.0,26,57.600302
-46.0,1,57.60305
-47.0,1,57.605831
-44.0,2,57.610939
709.0,197,58.171121
19.0,20,58.232018
29.0,24,58.304653
-47.0,1,58.307805
-47.0,1,58.310767
-47.0,1,58.313577
-47.0,1,58.316436
-34.0,9,58.339474
-44.0,3,58.347392
-46.0,2,58.352951
-26.0,7,58.372357
-46.0,1,58.375329
8.0,12,58.413725
-46.0,1,58.416529
40.0,40,58.542078
-46.0,2,58.547629
-47.0,1,58.550652
0.0,14,58.588435
1.0,12,58.627918
707.0,203,59.197411
-43.0,2,59.202912
-47.0,1,59.205636
-47.0,1,59.208404
-31.0,5,59.227102
577.0,147,59.654739
58.0,28,59.725487
-43.0,2,59.731291
-32.0,10,59.769011
4.0,16,59.811435
-47.0,1,59.814235
-43.0,4,59.825434
-41.0,6,59.848031
-45.0,2,59.853654
-46.0,1,59.856447
-25.0,6,59.872883
94.0,38,59.978643
-41.0,6,59.994433
-28.0,5,60.008036
-46.0,2,60.013974
-47.0,1,60.01702
206.0,68,60.203256
-47.0,1,60.206114
8.0,15,60.24589
-47.0,1,60.249191
-35.0,5,60.269613
-46.0,1,60.272861
-28.0,9,60.297331
-28.0,5,60.310814
360.0,129,60.694527
107.0,38,60.799163
-47.0,1,60.802124
-9.0,11,60.832756
-47.0,1,60.835792
113.0,51,60.987523
-37.0,4,60.999404
151.0,49,61.13575
24.0,33,61.225685
537.0,206,61.813985
677.0,192,63.793155
-10.0,9,63.817228
372.0,119,64.15332
-46.0,1,64.156085
6.0,15,64.20277
-47.0,1,64.205959
-9.0,10,64.234511
-47.0,1,64.237782
973.0,255,65.012583
-27.0,8,65.034663
-42.0,3,65.043925
-47.0,1,65.04776
88.0,34,65.141074
-47.0,1,65.144001
-46.0,2,65.149414
-47.0,1,65.152438
109.0,55,65.316521
803.0,237,66.273508
-47.0,1,66.278121
-39.0,6,66.302695
-37.0,6,66.325641
-47.0,1,66.329785
26.0,35,66.475413
-21.0,9,66.508724
-24.0,15,66.57082
-47.0,1,66.583609
-47.0,1,66.589636
167.0,56,66.847442
-5.0,17,66.929332
-47.0,1,66.934112
83.0,43,67.112002
-46.0,1,67.120517
116.0,56,67.349123
-47.0,1,67.353203
94.0,42,67.516588
-45.0,3,67.529174
326.0,107,67.95572
-40.0,5,67.985297
-41.0,2,67.998372
255.0,85,68.37716
53.0,34,68.541718
-39.0,3,68.555524
777.0,208,69.207834
157.0,70,69.40493
-24.0,12,69.437109
-47.0,1,69.439997
607.0,178,69.962308
-42.0,2,69.968128
-47.0,1,69.977496
-42.0,5,69.992619
-4.0,15,70.03367
-32.0,11,70.069994
23.0,21,70.139308
220.0,78,70.357479
7.0,13,70.396423
88.0,32,70.478574
937.0,238,72.616663
196.0,69,72.809418
381.0,102,73.099923
27.0,36,73.22347
-47.0,1,73.226596
635.0,177,73.748163
-47.0,1,73.751063
-47.0,1,73.753851
-47.0,1,73.756742
900.0,262,74.502429
-46.0,2,74.508061
-42.0,4,74.518456
-42.0,2,74.524085
-46.0,1,74.527468
23.0,34,74.619677
-34.0,5,74.636204
-9.0,11,74.669551
-44.0,2,74.675283
-42.0,4,74.686099
-26.0,9,74.712355
-46.0,1,74.715209
-34.0,7,74.733726
-40.0,5,74.755154
316.0,88,75.001008
713.0,213,75.613393
28.0,27,75.697715
1232.0,313,76.565015
-45.0,2,76.570779
-7.0,11,76.607248
240.0,100,76.874191
-46.0,1,76.876951
431.0,126,77.2593
-46.0,1,77.26199
402.0,123,77.608826
484.0,138,80.02672
182.0,72,80.528685
224.0,77,81.219147
-46.0,1,81.248756
-21.0,20,81.415831
263.0,89,81.856003
18.0,19,82.23734
-10.0,10,82.302355
431.0,109,82.615935
561.0,144,83.034505
-19.0,14,83.071176
-31.0,7,83.09053
-47.0,1,83.093478
-47.0,1,83.09625
-46.0,2,83.101591
-47.0,1,83.104712
-46.0,2,83.110166
470.0,116,83.43548
-24.0,9,83.460664
-21.0,11,83.491793
-47.0,1,83.494772
364.0,118,83.849288
-44.0,2,83.854693
422.0,142,84.241569
-46.0,1,84.245065
172.0,67,84.442396
175.0,78,84.65917
-18.0,7,84.685502
-35.0,7,84.705066
16.0,20,84.763611
933.0,276,85.555419
-46.0,1,85.558292
-46.0,2,85.563523
-43.0,3,85.571157
-45.0,2,85.576415
113.0,49,85.717733
1076.0,281,88.555292
-47.0,1,88.558138
-47.0,1,88.561141
-46.0,2,88.566692
-5.0,20,88.624925
749.0,200,89.207549
-46.0,1,89.210425
-47.0,1,89.21341
1105.0,325,91.609574
762.0,216,92.245502
-44.0,3,92.258856
-46.0,1,92.263999
-31.0,8,92.309589
-47.0,1,92.315048
908.0,216,93.218646
0.0,11,93.269565
-47.0,1,93.276206
1.0,15,93.347095
-41.0,3,93.360522
-38.0,5,93.388054
77.0,37,93.545487
-45.0,2,93.555287
-37.0,6,93.577302
-47.0,1,93.585716
-21.0,14,93.644826
267.0,102,94.063233
1578.0,400,95.645253
-39.0,6,95.661609
-44.0,2,95.667228
-47.0,1,95.670165
-47.0,1,95.67315
12.0,17,95.720889
31.0,19,95.774451
53.0,25,95.84677
936.0,246,96.55698
-11.0,15,96.599812
-41.0,4,96.610878
-21.0,8,96.632468
596.0,149,97.058701
-46.0,1,97.061603
986.0,261,99.274444
-47.0,1,99.277294
-38.0,4,99.288403
218.0,74,99.51328
-3.0,22,99.57899
-47.0,1,99.581738
-47.0,1,99.5851
-45.0,2,99.59079
-35.0,5,99.603791
105.0,42,99.718732
191.0,58,99.881075
-45.0,2,99.886342
209.0,68,100.076201
-20.0,13,100.109206
1280.0,376,101.219358
20.0,28,101.302598
97.0,51,101.446425
-47.0,1,101.449459
79.0,35,101.569895
267.0,86,101.818873
-41.0,3,101.82876
-13.0,11,101.859777
-36.0,8,101.882099
349.0,114,102.193071
-47.0,1,102.19591
487.0,137,102.6001
47.0,22,102.664478
1.0,12,102.696306
-46.0,2,102.701468
54.0,34,102.797319
177.0,64,102.979235
-25.0,12,103.011995
66.0,34,103.111405
-47.0,1,103.115105
-46.0,1,103.118006
1758.0,400,104.237165
80.0,31,104.327238
-45.0,2,104.33245
-47.0,1,104.335246
257.0,87,104.57951
-46.0,2,104.585946
-46.0,1,104.595368
-39.0,3,104.604141
748.0,215,107.137649
-40.0,3,107.155303
597.0,178,107.869724
117.0,55,108.13051
-37.0,6,108.160028
31.0,26,108.287136
-46.0,1,108.296575
-43.0,2,108.308052
-44.0,2,108.318219
1286.0,400,109.533001
-24.0,11,109.562944
27.0,19,109.619164
89.0,51,109.758919
293.0,111,110.075576
134.0,59,110.239167
-47.0,1,110.242166
608.0,173,110.721118
-47.0,1,110.72428
30.0,24,110.792151
-24.0,9,110.822428
-20.0,11,110.852532
212.0,69,111.064145
-47.0,1,111.066993
-47.0,1,111.069926
291.0,99,111.339898
-45.0,2,111.345358
-14.0,11,111.375683
42.0,24,111.445711
-47.0,1,111.448808
-43.0,2,111.454226
42.0,30,111.542658
-46.0,2,111.548813
50.0,27,111.6188
-46.0,1,111.62155
3.0,12,111.659093
1159.0,278,112.456518
35.0,35,112.558482
-2.0,14,112.601576
298.0,77,112.812381
-46.0,1,112.815478
-37.0,4,112.826026
-1.0,23,112.892703
-42.0,4,112.902763
-43.0,2,112.90824
-47.0,1,112.911044
73.0,39,113.021065
128.0,63,113.197621
-47.0,1,113.200428
1215.0,307,115.531494
313.0,99,115.804139
176.0,58,115.974998
-17.0,10,116.00176
292.0,89,116.255593
572.0,181,116.745142
1605.0,400,117.870634
-40.0,6,117.886892
-47.0,1,117.889772
234.0,69,118.078034
-21.0,13,118.11119
507.0,132,118.497744
112.0,45,118.680617
-7.0,19,118.7616
18.0,20,118.836956
-46.0,1,118.841115
212.0,75,119.151575
945.0,247,120.167284
-24.0,10,120.206499
292.0,93,120.620116
477.0,158,121.286811
1238.0,340,123.874855
1539.0,400,124.996696
4.0,19,125.047415
435.0,126,125.392457
51.0,36,125.492339
299.0,82,125.730122
628.0,184,126.245347
589.0,189,126.777648
167.0,78,126.99128
141.0,63,127.173375
1173.0,295,127.981494
20.0,16,128.025935
443.0,161,128.485349
-34.0,8,128.507166
436.0,226,130.623138
-32.0,5,130.643099
350.0,107,130.959767
-45.0,2,130.965417
-38.0,3,130.973493
132.0,50,131.112508
40.0,25,131.185967
300.0,92,131.430853
18.0,16,131.479406
249.0,90,131.74003
38.0,29,131.891623
-26.0,9,131.927771
-44.0,2,131.935788
1435.0,345,133.33908
56.0,45,133.517156
481.0,149,134.117777
184.0,70,134.427949
-47.0,1,134.432592
-16.0,16,134.510567
22.0,20,134.607733
349.0,109,134.976919
334.0,145,135.398957
-38.0,4,135.415155
-10.0,12,135.44852
-20.0,10,135.474851
433.0,117,135.79648
125.0,47,135.922587
175.0,70,136.141097
0.0,13,136.175181
1599.0,400,138.787085
833.0,229,139.425669
1560.0,400,140.564333
638.0,169,141.04138
145.0,50,141.182011
-38.0,5,141.200982
139.0,51,141.357162
392.0,111,141.661018
205.0,84,141.895205
130.0,54,142.054407
543.0,140,142.464509
72.0,38,142.569309
-47.0,1,142.572216
-38.0,3,142.580146
189.0,79,142.798319
1502.0,398,143.930405
692.0,184,146.331371
121.0,60,146.602508
-47.0,1,146.606588
678.0,196,147.429108
26.0,21,147.525309
120.0,52,147.771233
452.0,153,148.26268
-43.0,2,148.268109
-41.0,6,148.283793
291.0,85,148.514854
314.0,88,148.772446
25.0,21,148.832197
902.0,283,149.607078
770.0,210,150.193089
676.0,199,150.773014
119.0,49,150.907151
385.0,128,151.269119
14.0,15,151.307221
-47.0,1,151.31001
1565.0,400,152.430765
10.0,14,152.469932
243.0,81,154.198039
191.0,87,154.452014
-40.0,5,154.473096
-45.0,2,154.478781
-47.0,1,154.481686
-12.0,12,154.518313
128.0,54,154.687701
-47.0,1,154.690942
387.0,107,155.020568
136.0,51,155.168323
376.0,110,155.468231
963.0,249,156.184148
1180.0,312,157.069252
10.0,17,157.112251
1068.0,324,158.081602
-46.0,1,158.094531
540.0,163,158.776744
116.0,63,159.010924
892.0,254,160.072754
-47.0,1,160.07755
240.0,100,160.491967
132.0,57,162.338118
147.0,47,162.47068
60.0,34,162.566184
-24.0,18,162.612704
108.0,41,162.721632
-47.0,1,162.724475
276.0,88,162.97231
-47.0,1,162.975269
33.0,21,163.031064
934.0,275,163.809676
-45.0,3,163.817841
592.0,179,164.319569
-44.0,2,164.324986
448.0,146,164.746947
323.0,95,164.99822
479.0,140,167.77577
1229.0,326,168.717566
110.0,74,168.917876
73.0,31,169.010515
703.0,207,169.598986
678.0,208,170.177476
1428.0,400,173.468219
-47.0,1,173.478171
-43.0,2,173.491707
558.0,177,174.251691
-47.0,1,174.254514
-44.0,2,174.259961
1736.0,400,175.392421
-40.0,4,175.403489
-25.0,6,175.419302
-38.0,5,175.432357
204.0,98,175.698034
62.0,27,175.771247
1583.0,400,176.878477
1808.0,400,178.003893
-47.0,1,178.007248
1492.0,400,180.615427
216.0,74,180.824941
-47.0,1,180.828838
282.0,103,181.136952
1699.0,400,182.312699
36.0,29,182.406053
398.0,113,182.725718
5.0,19,182.780654
62.0,42,182.90057
93.0,48,183.033369
1568.0,400,184.157862
17.0,18,184.257879
147.0,61,184.517049
-28.0,8,184.554579
227.0,79,184.866236
-47.0,1,184.87127
1613.0,400,186.520418
1132.0,345,189.222934
-47.0,1,189.225789
13.0,23,189.286482
1507.0,400,190.406719
-41.0,3,190.414759
1280.0,386,191.512838
62.0,35,191.624163
1580.0,400,192.764509
282.0,115,193.079404
1235.0,320,193.988107
336.0,95,194.251222
239.0,72,195.933204
1045.0,300,196.861194
-6.0,11,196.890337
-24.0,7,196.908738
1553.0,400,198.444291
1516.0,400,200.133058
313.0,114,200.570032
-31.0,9,200.596158
336.0,122,200.942533
721.0,258,201.680066
1403.0,371,204.191303
1642.0,400,205.301807
389.0,112,205.612208
77.0,31,205.696613
2.0,24,205.765898
1398.0,400,206.882679
10.0,17,206.934551
732.0,209,207.52937
-38.0,5,207.54317
609.0,195,208.08646
48.0,31,208.172948
741.0,265,208.924819
872.0,277,209.706267
123.0,48,209.842508
201.0,77,211.953461
1429.0,400,213.607584
1487.0,400,214.764387
-44.0,2,214.770749
332.0,131,215.134224
47.0,37,215.240439
-25.0,7,215.258688
68.0,30,215.343173
337.0,129,215.714795
905.0,352,216.754814
1623.0,400,217.875515
-43.0,3,217.884037
1187.0,400,220.557142
913.0,277,221.332384
471.0,210,221.928546
169.0,49,222.060958
1545.0,400,223.185711
69.0,46,223.318769
894.0,294,224.445848
1327.0,400,226.129062
-47.0,1,226.134015
132.0,55,226.375425
-40.0,3,226.38738
1426.0,400,229.188703
783.0,295,230.007696
1650.0,400,231.148611
1372.0,400,232.309112
-13.0,9,232.341317
42.0,29,232.419114
1077.0,361,233.442732
637.0,218,235.548076
669.0,230,236.231581
784.0,224,237.027408
441.0,167,237.710206
501.0,139,238.296764
1311.0,400,239.901145
1078.0,331,240.841677
1473.0,400,241.944513
-35.0,6,241.965821
1534.0,400,244.556359
561.0,268,245.34177
306.0,131,249.164378
427.0,130,249.529491
330.0,108,249.906056
1582.0,400,251.582591
1534.0,400,253.204782
1291.0,400,255.841125
-40.0,6,255.857579
1201.0,386,256.939993
439.0,189,257.464409
673.0,217,258.082496
-19.0,10,258.115608
926.0,299,258.99305
1283.0,400,260.125287
1589.0,398,261.225486
604.0,197,263.510889
590.0,161,264.195692
1559.0,400,265.897523
327.0,147,266.379851
-37.0,6,266.39592
1379.0,400,267.524582
511.0,166,268.003295
1336.0,400,269.130982
1621.0,400,271.787184
92.0,56,271.971422
629.0,191,272.502303
567.0,151,272.914542
1536.0,400,274.085079
1321.0,400,275.249002
55.0,34,275.342809
684.0,196,275.875372
-47.0,1,275.878216
402.0,142,276.422363
469.0,173,277.108725
-11.0,15,277.19245
1555.0,400,280.373431
934.0,311,281.231478
1444.0,400,282.396372
1487.0,400,283.558039
1299.0,400,284.702602
1691.0,400,287.312831
376.0,163,287.80542
128.0,66,288.010309
590.0,198,288.549039
1414.0,400,290.025869
1313.0,400,291.69695
1265.0,400,293.075565
1513.0,400,295.710835
444.0,123,296.08651
1699.0,400,297.193137
192.0,59,297.35699
814.0,286,298.173753
322.0,100,298.456485
101.0,39,298.568927
1.0,32,298.664567
1296.0,400,299.802208
1103.0,334,300.75758
1508.0,400,303.854624
1376.0,400,305.516895
1586.0,400,306.676131
-1.0,16,306.720916
1139.0,359,307.770238
1630.0,400,308.908978
-36.0,5,308.926044
1148.0,340,311.378808
1668.0,400,312.512693
1491.0,400,313.671263
364.0,97,313.947958
1396.0,400,315.102463
870.0,304,316.324141
1482.0,400,319.68618
782.0,205,320.291726
1612.0,400,321.434677
1518.0,400,322.598616
1153.0,400,323.761647
1611.0,400,324.867165
468.0,211,326.950558
361.0,182,332.435133
1646.0,400,333.61665
710.0,207,334.196264
1356.0,400,335.321575
1832.0,400,336.449353
1488.0,400,337.580415
1095.0,400,340.223703
444.0,174,340.728672
1538.0,400,342.055159
1276.0,400,343.72355
1442.0,400,345.236233
-47.0,1,345.239614
1711.0,400,347.840184
372.0,138,348.25478
1561.0,400,349.428807
1602.0,400,350.568647
1285.0,400,351.711965
1495.0,400,352.843813
1392.0,400,355.812244
1435.0,400,357.517053
1545.0,400,358.838757
1456.0,400,359.99031
1617.0,400,361.138386
-45.0,2,361.144392
-45.0,2,361.14989
1199.0,400,363.784131
1123.0,292,364.616662
1776.0,400,365.72692
1509.0,400,366.862102
-40.0,5,366.876618
1272.0,329,367.817067
1663.0,400,369.442405
-9.0,17,369.505962
1492.0,400,372.49875
-41.0,5,372.511684
332.0,118,372.826853
1543.0,400,373.947573
-42.0,3,373.955886
-33.0,10,373.982232
1146.0,333,374.934962
666.0,212,375.546429
1489.0,400,376.648692
-46.0,1,376.651922
647.0,171,377.125123
1148.0,367,379.67446
1764.0,400,380.796047
647.0,213,381.62783
771.0,208,382.489994
1399.0,400,384.152215
1224.0,400,385.262429
22.0,17,385.305997
462.0,137,387.193595
1576.0,400,388.332185
1453.0,400,389.462853
1640.0,400,390.61428
1543.0,400,391.755624
1501.0,400,392.883321
875.0,219,395.441264
403.0,162,396.183517
1350.0,400,397.752637
171.0,52,397.88938
1602.0,400,399.023346
1616.0,400,400.161466
1013.0,232,400.833582
136.0,65,401.006819
1601.0,400,403.671294
1453.0,400,404.812
1535.0,400,405.950956
488.0,174,406.4417
1499.0,400,407.670612
1805.0,400,414.266667
1202.0,324,415.225617
507.0,196,415.799248
1584.0,400,416.93205
1646.0,400,418.104922
732.0,223,418.732891
1589.0,400,419.881953
1554.0,400,423.293885
1447.0,400,424.628722
398.0,133,425.021953
1411.0,400,426.148502
1525.0,400,427.275385
887.0,265,428.043364
1493.0,400,430.689171
1433.0,400,431.834697
1277.0,398,432.971316
1472.0,400,434.308604
1152.0,400,435.996968
1428.0,400,438.919656
1029.0,292,439.808093
332.0,143,440.218037
1176.0,374,441.288584
1516.0,400,442.417883
1780.0,400,443.540262
1294.0,400,446.207211
1587.0,400,447.658499
-13.0,11,447.716664
1520.0,400,449.336195
1348.0,400,450.751342
1402.0,400,451.881942
1632.0,400,454.505527
1848.0,400,455.687183
1516.0,400,456.831974
813.0,207,457.419633
1478.0,400,458.533078
1426.0,400,459.666675
1738.0,400,463.166063
30.0,28,463.249128
-8.0,17,463.301882
1468.0,400,464.453072
1357.0,400,465.608329
1453.0,400,466.793276
1084.0,366,467.867239
-21.0,10,467.893004
1507.0,400,470.632202
1400.0,400,471.840401
92.0,47,471.983019
1340.0,400,473.159107
1314.0,400,474.890334
1603.0,400,476.517836
1005.0,260,478.737378
1268.0,400,479.870838
1341.0,400,481.074053
1669.0,400,482.199986
1371.0,364,483.24449
-29.0,9,483.26829
1042.0,328,484.235407
1655.0,400,487.173623
1691.0,400,488.818251
149.0,59,489.098822
1427.0,400,493.478197
582.0,181,494.056885
1447.0,400,495.172709
1621.0,400,497.794425
1295.0,400,498.930482
515.0,157,499.379248
1353.0,400,501.028549
1496.0,400,502.702266
1511.0,400,503.849125
742.0,240,506.058342
1686.0,400,507.20337
1670.0,400,508.314841
1485.0,400,509.455113
1506.0,400,510.589503
1393.0,400,513.409216
1599.0,400,515.062995
1501.0,400,516.477382
67.0,37,516.58482
1551.0,400,517.720702
1419.0,400,518.853183
1361.0,400,521.451293
1757.0,400,522.573222
1432.0,400,523.709436
1583.0,400,524.840369
1520.0,400,526.122717
1678.0,400,529.597673
1424.0,400,530.799707
1429.0,400,531.98358
1439.0,400,533.122937
1271.0,400,534.265409
1412.0,400,535.41888
191.0,72,537.132412
306.0,120,537.466657
-15.0,14,537.504346
1617.0,400,538.629086
1752.0,400,540.200337
1177.0,400,541.86899
1578.0,400,543.089095
1609.0,400,545.741451
1423.0,400,546.909034
1463.0,400,548.068575
34.0,32,548.160781
1461.0,400,549.292179
1877.0,400,550.447204
1478.0,400,553.439249
1574.0,400,555.117374
1244.0,400,556.262254
1559.0,400,557.382284
1585.0,400,558.503077
1510.0,400,561.144679
-45.0,2,561.150651
459.0,149,561.559393
1559.0,400,562.706332
1467.0,400,563.835508
1354.0,400,564.978551
1416.0,400,566.647938
1655.0,400,569.731429
1610.0,400,570.876129
106.0,44,570.999678
1345.0,400,575.188162
1435.0,400,576.338364
1391.0,400,577.469793
1776.0,400,580.71323
1080.0,400,582.146581
254.0,92,582.402568
619.0,233,583.063155
1763.0,400,584.195366
1294.0,400,585.330782
1143.0,400,587.969816
1566.0,400,589.155878
1235.0,400,590.273532
1473.0,400,591.571282
570.0,168,592.277804
1503.0,400,593.919142
1381.0,400,596.693443
-45.0,2,596.703783
269.0,99,596.991595
1333.0,400,598.162091
1558.0,400,599.293396
1458.0,400,600.401596
1371.0,400,601.561941
-47.0,1,601.565982
1465.0,400,604.156964
1347.0,400,605.696953
1549.0,400,607.451194
102.0,41,607.620713
1633.0,400,608.745591
-16.0,18,608.796131
1505.0,400,609.930047
1154.0,400,612.540435
1457.0,400,613.657013
1325.0,400,614.79366
1434.0,400,615.900743
1406.0,400,617.026225
1351.0,400,620.449366
1648.0,400,621.653956
429.0,136,622.039982
1063.0,400,623.202576
1490.0,400,624.31744
301.0,102,624.612851
1278.0,400,625.759739
-30.0,8,625.786805
1496.0,400,628.495819
1474.0,400,629.610558
1041.0,349,630.634152
1243.0,400,632.32269
1779.0,400,633.947754
934.0,400,636.588207
1331.0,400,637.732599
1539.0,400,638.858629
-44.0,2,638.86435
1361.0,400,639.998919
266.0,111,640.327666
1593.0,400,641.442963
1295.0,396,644.183849
1315.0,400,645.82616
1406.0,400,647.294322
1599.0,400,648.432157
244.0,82,648.674935
1370.0,400,649.777998
1655.0,400,656.141752
1374.0,400,657.54689
1555.0,400,659.170153
-34.0,9,659.203222
701.0,225,660.101869
1396.0,400,661.222478
1229.0,400,663.865568
1658.0,400,665.052243
1368.0,400,666.217777
539.0,182,666.753942
1583.0,400,667.879178
-44.0,2,667.884857
1612.0,400,669.011604
-25.0,10,669.037992
1504.0,400,672.229224
1568.0,400,673.632301
403.0,153,674.060268
1328.0,400,675.202871
1020.0,295,676.03284
1257.0,400,677.166059
1273.0,400,679.772735
1229.0,400,680.887251
1439.0,400,682.007804
1407.0,400,683.290077
1130.0,400,684.966885
1591.0,400,687.977855
1700.0,400,689.115881
1686.0,400,690.246325
1214.0,400,691.374176
-44.0,2,691.380238
1117.0,400,692.547574
330.0,119,692.875807
1344.0,400,695.488786
1482.0,400,696.878685
1006.0,400,698.540681
595.0,191,699.35568
184.0,90,699.617828
1771.0,400,700.749719
920.0,262,702.952935
9.0,23,703.017219
1288.0,400,704.144139
1439.0,400,705.282119
1248.0,400,706.422038
38.0,26,706.495977
1132.0,400,707.616919
1511.0,400,710.548799
192.0,88,710.912425
1330.0,400,712.612738
1884.0,400,713.78784
1192.0,400,714.93771
1835.0,400,716.057747
1707.0,400,718.642984
1699.0,400,719.783411
1388.0,400,720.899713
-47.0,1,720.90288
239.0,89,721.162043
860.0,244,721.846921
1515.0,400,723.256846
1514.0,400,724.906499
1585.0,400,727.742985
1312.0,400,728.865325
-33.0,9,728.897229
-45.0,2,728.903345
510.0,150,729.317293
318.0,138,729.733688
1358.0,400,730.878952
1499.0,400,735.643992
1470.0,400,739.044502
1409.0,400,740.197289
1289.0,400,741.34483
392.0,123,741.701013
1475.0,400,742.848395
1406.0,400,743.961489
1545.0,400,746.595291
1048.0,322,747.598114
1381.0,400,748.831357
1435.0,400,750.475874
1289.0,400,752.030758
1245.0,339,754.460738
411.0,144,754.891555
1450.0,400,756.022234
1093.0,375,757.057104
1356.0,400,758.161918
1311.0,400,759.308121
-41.0,3,759.31656
1497.0,400,762.090752
1513.0,400,763.747834
1234.0,400,765.240639
222.0,71,765.442411
451.0,173,765.933928
1755.0,400,767.055617
1406.0,400,768.232293
1080.0,389,770.821336
-16.0,9,770.854846
1506.0,400,771.988197
-30.0,9,772.012556
567.0,202,772.595978
1632.0,400,773.748238
1255.0,393,774.912594
1476.0,400,778.337039
1527.0,400,779.516302
1691.0,400,780.684815
244.0,98,780.996664
1116.0,400,782.130939
1434.0,400,783.248308
1587.0,400,785.890686
880.0,289,786.723099
1699.0,400,787.897281
440.0,123,788.429617
1427.0,400,790.1007
1107.0,400,791.509372
1505.0,400,794.101976
550.0,241,794.811646
1780.0,400,795.931806
1337.0,400,797.048016
1254.0,400,798.165734
1423.0,400,799.334437
1761.0,400,802.447351
1383.0,400,804.148658
323.0,123,804.488776
1719.0,400,805.618284
1185.0,400,806.760519
1483.0,400,807.88314
284.0,103,809.63847
-45.0,2,809.644249
961.0,333,810.626691
1099.0,400,811.786339
1536.0,400,812.913745
1348.0,400,817.821633
-47.0,1,817.824846
-3.0,17,817.868617
34.0,25,817.942857
1360.0,400,820.541521
1248.0,400,821.709473
1387.0,400,822.822275
1545.0,400,823.963529
-26.0,13,824.00607
1248.0,400,825.130113
483.0,165,825.605004
814.0,346,828.464493
1453.0,400,830.147568
1414.0,400,831.303109
331.0,128,831.662137
1472.0,400,832.816342
1602.0,400,833.994177
1471.0,400,836.581387
1332.0,400,837.704921
1100.0,400,838.836007
1374.0,397,839.971138
792.0,369,841.494189
1169.0,400,844.631845
1163.0,400,845.780486
1220.0,400,846.898004
1291.0,400,848.040753
1337.0,400,849.197674
597.0,246,849.897167
1311.0,400,852.464911
1547.0,400,853.815809
1569.0,400,855.452394
1057.0,337,856.69026
1485.0,400,857.824249
1456.0,400,860.383223
601.0,202,860.961076
1450.0,400,862.106462
1636.0,400,863.255775
169.0,69,863.475841
-5.0,13,863.519943
1401.0,400,864.661978
1725.0,400,867.569593
1606.0,400,869.255496
1548.0,400,870.414478
1384.0,400,871.561487
1440.0,400,872.70085
1652.0,400,873.860984
286.0,132,875.691424
1020.0,335,876.642605
1702.0,400,877.759088
1226.0,400,878.902331
769.0,242,879.735268
1607.0,400,881.36295
332.0,106,881.779088
1320.0,400,884.63613
1534.0,400,885.775227
-45.0,2,885.781764
1128.0,322,886.71051
1392.0,400,887.842166
1263.0,400,888.964159
1251.0,400,891.586348
1304.0,400,892.893943
1609.0,400,897.690962
-34.0,6,897.711752
1588.0,400,898.820751
467.0,126,899.169571
1555.0,400,900.3241
1237.0,400,902.905547
1525.0,400,904.041974
1504.0,400,905.169142
-38.0,6,905.185825
1501.0,400,906.636267
1030.0,312,907.923093
1353.0,400,910.814629
5.0,22,910.888954
1600.0,400,912.018434
908.0,289,912.827514
1433.0,400,913.976483
1654.0,400,915.137797
827.0,229,915.767711
1484.0,400,918.373595
1297.0,400,919.912861
-45.0,2,919.923424
1594.0,400,921.555138
1392.0,400,922.782991
1108.0,400,923.928811
1306.0,400,926.533283
1300.0,400,927.655339
1033.0,314,928.53893
1608.0,400,929.681414
1589.0,400,930.808883
1318.0,400,933.905775
1589.0,400,935.425556
1237.0,400,936.567583
1054.0,400,937.708866
190.0,71,937.908567
1424.0,400,939.098852
380.0,111,939.404492
-45.0,2,939.409786
1128.0,386,941.998109
694.0,229,942.696418
1420.0,400,943.836262
-45.0,2,943.841932
1639.0,400,944.994028
1474.0,400,946.693835
1272.0,400,948.271135
310.0,101,950.003855
1546.0,400,951.127011
659.0,260,951.876256
1049.0,400,953.013043
1449.0,400,954.180876
1362.0,400,955.29344
1714.0,400,957.87728
-27.0,10,957.903555
835.0,278,958.972004
1271.0,400,960.586027
1296.0,400,961.958902
965.0,280,962.756901
424.0,144,963.169908
1740.0,400,965.717585
1432.0,400,966.877616
1404.0,400,968.016361
1554.0,400,969.134924
1655.0,400,970.263708
442.0,140,970.669159
1768.0,400,974.436495
650.0,214,978.109007
1569.0,400,979.292316
1537.0,400,980.43173
1382.0,400,981.601308
465.0,177,982.124688
1370.0,400,984.891772
411.0,112,985.334148
1102.0,316,986.646904
810.0,242,987.854787
1470.0,400,988.982529
1543.0,400,990.166608
1699.0,400,992.732619
1503.0,400,993.897552
1736.0,400,995.049782
1707.0,400,996.203284
1679.0,400,997.348855
539.0,166,997.81431
1679.0,400,1001.344244
1543.0,400,1002.480066
1589.0,400,1003.618931
424.0,153,1004.075422
1383.0,400,1005.242652
1525.0,400,1006.389914
1157.0,400,1009.007254
1520.0,400,1010.185202
1858.0,400,1011.584593
1587.0,400,1013.245903
1773.0,400,1014.694641
252.0,88,1014.942151
-41.0,4,1014.958527
38.0,26,1015.027802
1421.0,400,1017.653333
-27.0,14,1017.69001
118.0,51,1017.824796
1713.0,400,1018.975783
796.0,290,1019.809194
1491.0,400,1020.945364
-38.0,7,1020.964381
1740.0,400,1022.101917
1775.0,400,1025.119238
623.0,191,1025.932053
1374.0,400,1027.501225
323.0,134,1027.896585
1557.0,400,1029.039968
438.0,138,1029.437938
1871.0,400,1030.582248
1499.0,400,1033.255914
1591.0,400,1034.376392
1284.0,400,1035.51349
486.0,261,1036.26229
1523.0,400,1037.538811
566.0,179,1038.259479
1621.0,400,1041.504374
1196.0,400,1042.646302
1671.0,400,1043.782012
1327.0,400,1044.959257
989.0,400,1046.111905
596.0,202,1046.70173
1375.0,400,1049.307002
-23.0,10,1049.342915
1509.0,400,1050.64009
1296.0,400,1052.311847
1595.0,400,1053.822656
1000.0,319,1054.740779
1474.0,400,1060.05142
1538.0,400,1061.261471
1565.0,400,1062.391257
1695.0,400,1063.634705
296.0,134,1064.207453
1536.0,400,1065.909402
1254.0,400,1068.779736
1056.0,400,1069.930095
1585.0,400,1071.130549
738.0,275,1071.915224
1535.0,400,1073.062427
-45.0,2,1073.068217
1757.0,400,1075.765778
1272.0,400,1077.170385
1729.0,400,1078.880526
690.0,218,1079.765788
955.0,286,1080.603754
1530.0,400,1081.740998
1465.0,400,1084.387585
1683.0,400,1085.532313
-22.0,8,1085.554354
1487.0,400,1086.722516
972.0,298,1087.577413
1630.0,400,1088.730245
1336.0,400,1092.021218
546.0,224,1092.964596
1320.0,400,1094.099309
1300.0,400,1095.251423
1240.0,400,1096.458349
712.0,335,1097.426267
1404.0,400,1100.102789
1487.0,400,1101.295894
1499.0,400,1102.425361
1520.0,400,1103.9543
1501.0,400,1105.634801
1605.0,400,1108.424006
1327.0,372,1109.511977
1679.0,400,1110.657923
1403.0,400,1111.80969
996.0,400,1112.947998
1501.0,400,1115.570441
514.0,258,1116.501241
1528.0,400,1118.166583
542.0,202,1119.073437
441.0,116,1119.422855
1341.0,400,1120.570097
-35.0,7,1120.596874
1376.0,400,1121.763274
1388.0,400,1124.38289
228.0,82,1124.630846
1091.0,400,1125.784914
1535.0,400,1126.924108
1692.0,400,1128.044086
531.0,168,1128.505562
1595.0,400,1131.917522
1433.0,400,1133.2589
1310.0,392,1134.380501
1724.0,400,1135.540667
1695.0,400,1139.695696
1511.0,400,1140.892548
1527.0,400,1144.099545
1522.0,400,1145.689742
1562.0,400,1146.837339
1422.0,400,1147.991724
280.0,133,1148.359876
1392.0,400,1150.973928
1617.0,400,1152.209634
1318.0,400,1153.352192
216.0,83,1153.583009
1640.0,400,1154.718792
1550.0,400,1156.09947
1617.0,400,1159.471513
1177.0,400,1160.640278
1164.0,400,1161.785626
1399.0,400,1162.907951
1507.0,400,1164.056506
1110.0,299,1164.898237
1421.0,400,1167.571738
1332.0,400,1168.8384
-10.0,15,1168.909507
438.0,175,1169.62518
-45.0,2,1169.642833
903.0,274,1170.79056
1421.0,370,1172.188062
1563.0,400,1173.338874
27.0,25,1173.403437
1374.0,400,1176.057577
1430.0,400,1177.186037
1558.0,400,1178.310403
1337.0,400,1179.453587
1626.0,400,1180.605597
1500.0,400,1183.902039
1900.0,400,1185.331187
89.0,37,1185.458357
103.0,56,1185.610449
1784.0,400,1186.742672
1380.0,400,1187.896785
1628.0,400,1189.0397
1676.0,400,1191.652406
1484.0,400,1192.794703
1611.0,400,1193.942873
1554.0,400,1195.278909
-47.0,1,1195.283703
1623.0,400,1196.976789
634.0,192,1199.319397
1601.0,400,1200.495149
11.0,18,1200.546219
1607.0,400,1201.714679
1498.0,400,1202.852722
2.0,27,1202.928461
1574.0,400,1204.066266
1218.0,303,1204.942596
1276.0,400,1207.575517
1467.0,400,1209.136404
803.0,386,1210.782432
1219.0,400,1212.032039
1426.0,400,1213.154241
1630.0,400,1215.768474
1537.0,400,1216.896332
1305.0,400,1220.965551
1034.0,400,1222.670588
1566.0,400,1224.299644
1620.0,400,1226.95196
1603.0,400,1228.093389
1158.0,400,1229.237391
695.0,400,1230.385491
1586.0,400,1231.520453
1349.0,400,1234.208669
1480.0,400,1235.920208
216.0,88,1236.283845
653.0,198,1237.146022
1603.0,400,1238.343518
1776.0,400,1239.49157
45.0,36,1239.614708
1684.0,400,1242.228871
1536.0,400,1243.394383
196.0,69,1243.595089
1263.0,400,1244.762939
1393.0,400,1245.90981
1658.0,400,1247.045528
1564.0,400,1250.573933
1476.0,400,1251.69767
856.0,383,1252.811299
1456.0,400,1253.951389
1337.0,400,1255.113683
1554.0,400,1257.79582
1530.0,400,1258.98315
1553.0,400,1260.104012
1362.0,400,1261.632019
1668.0,400,1263.330424
1474.0,400,1266.044
1548.0,400,1267.197488
-21.0,7,1267.217147
1177.0,281,1268.012192
207.0,80,1268.229419
1527.0,400,1269.36886
1413.0,400,1270.504683
-37.0,5,1270.518503
1352.0,400,1271.679369
1318.0,400,1274.644564
1679.0,400,1276.356209
510.0,199,1277.042786
1626.0,400,1278.222091
1269.0,400,1279.356845
1439.0,400,1281.965058
1333.0,400,1283.11773
505.0,154,1283.562618
1669.0,400,1284.716731
1363.0,400,1285.891453
606.0,183,1286.445251
1459.0,400,1288.033701
1331.0,400,1291.163692
1254.0,400,1292.327771
1599.0,400,1293.460886
1612.0,393,1294.583385
699.0,222,1295.233778
1366.0,400,1297.918827
1636.0,400,1303.263832
1793.0,400,1304.40958
554.0,178,1304.913335
143.0,55,1305.068956
1684.0,400,1306.209944
708.0,187,1306.742556
1565.0,400,1309.357911
1553.0,400,1310.501214
1330.0,400,1311.683274
1393.0,400,1312.881913
1619.0,400,1314.698371
1514.0,400,1317.871522
1889.0,400,1319.027401
1477.0,400,1320.174393
1470.0,400,1321.297027
1674.0,400,1322.432313
1306.0,400,1325.056939
351.0,135,1325.444711
1517.0,400,1326.799338
1592.0,400,1328.468747
1511.0,400,1329.928142
1504.0,400,1331.056579
1294.0,400,1333.748116
1574.0,400,1334.902353
1569.0,400,1336.049585
-45.0,2,1336.055208
97.0,51,1336.198644
1497.0,400,1337.347258
107.0,64,1337.537231
1746.0,400,1338.668638
1674.0,400,1342.0444
1282.0,400,1343.309587
1455.0,400,1344.449914
1353.0,400,1345.584938
639.0,255,1346.316661
1434.0,400,1347.496949
1698.0,400,1350.132317
1435.0,400,1351.274908
656.0,200,1351.841084
14.0,32,1351.935561
1083.0,400,1353.457081
1668.0,400,1355.132123
1427.0,400,1357.930636
-44.0,2,1357.936851
1371.0,400,1359.105498
1455.0,400,1360.243044
11.0,22,1360.308992
1163.0,400,1361.457657
410.0,152,1361.900583
1740.0,400,1363.060884
582.0,201,1365.100055
1086.0,342,1366.314378
1093.0,400,1367.953681
1676.0,400,1369.359022
1738.0,400,1370.501741
1397.0,400,1371.629264
1509.0,400,1374.285345
1914.0,400,1375.438976
1466.0,400,1376.581429
-25.0,11,1376.612452
1759.0,400,1377.781203
1478.0,400,1379.060607
622.0,210,1385.884874
1342.0,400,1387.053903
1653.0,400,1388.276923
1356.0,400,1389.594081
1568.0,400,1390.743002
1693.0,400,1394.052176
1584.0,400,1395.515602
1330.0,400,1396.675284
1491.0,400,1397.826675
1424.0,400,1398.970025
1294.0,400,1401.615286
1362.0,400,1402.790431
1216.0,400,1403.91622
-40.0,5,1403.938024
989.0,323,1404.860025
443.0,118,1405.329154
102.0,55,1405.568457
1407.0,400,1407.266598
1440.0,400,1410.205171
1133.0,400,1411.382973
1431.0,400,1412.503277
666.0,181,1413.027247
42.0,30,1413.115594
1356.0,400,1414.266672
78.0,49,1414.413215
340.0,96,1414.684635
1504.0,400,1417.357239
-44.0,2,1417.363293
1446.0,400,1418.709214
1055.0,309,1420.007746
1586.0,400,1421.575263
1630.0,400,1422.726214
1607.0,400,1423.868107
223.0,84,1424.107137
1556.0,400,1426.811204
1670.0,400,1427.942306
24.0,25,1428.017093
1599.0,400,1429.200899
1217.0,400,1430.346997
1567.0,400,1431.653907
642.0,191,1434.397328
68.0,38,1434.514375
1581.0,400,1435.668853
1291.0,400,1436.837102
1232.0,301,1437.735927
1636.0,400,1438.909017
1405.0,400,1441.544897
-8.0,13,1441.588933
1697.0,400,1442.727424
598.0,164,1443.199003
1255.0,400,1444.372202
1700.0,400,1446.072155
-42.0,2,1446.081328
1077.0,290,1447.339278
1206.0,400,1450.007815
456.0,165,1450.483086
293.0,79,1450.70697
175.0,60,1450.880996
1469.0,400,1452.005523
1291.0,400,1453.153317
1665.0,400,1454.277635
905.0,304,1455.157459
1463.0,400,1458.058795
1490.0,400,1459.68432
972.0,287,1460.789624
37.0,28,1460.870349
433.0,131,1461.253805
1172.0,366,1462.28455
351.0,153,1462.723759
54.0,34,1466.417393
334.0,128,1466.822387
1506.0,400,1469.506705
1600.0,400,1470.817741
1444.0,400,1472.513472
1552.0,400,1474.096096
814.0,263,1474.914033
940.0,301,1475.786416
1331.0,400,1478.378965
1369.0,400,1479.520115
-8.0,16,1479.563658
1400.0,400,1480.745519
1477.0,400,1481.901654
2.0,18,1481.949061
1377.0,400,1483.07619
-36.0,7,1483.094855
1412.0,400,1486.412459
1260.0,400,1487.740785
1514.0,400,1488.889126
241.0,78,1489.122831
1426.0,400,1490.257114
-27.0,11,1490.294168
1619.0,400,1491.406955
1622.0,400,1494.05328
1531.0,400,1495.195768
1808.0,400,1496.309326
938.0,272,1497.261179
-47.0,1,1497.266002
1546.0,400,1499.002769
1511.0,400,1502.057278
1181.0,400,1503.182347
1471.0,400,1504.329409
1820.0,400,1505.475614
1119.0,400,1506.618394
1114.0,400,1509.266438
522.0,164,1509.766079
1324.0,400,1511.350194
1392.0,400,1512.982371
1731.0,400,1514.237524
1546.0,400,1515.375952
1458.0,400,1518.032855
1441.0,400,1519.182246
1852.0,400,1520.335606
58.0,31,1520.439191
1448.0,400,1521.601774
1477.0,400,1522.748398
1432.0,400,1526.106199
1601.0,400,1527.337189
810.0,214,1527.948081
1434.0,400,1529.118504
1523.0,400,1530.262204
1563.0,400,1531.392961
1633.0,400,1534.052055
1737.0,400,1535.192376
1549.0,400,1536.322706
1363.0,369,1537.846994
1313.0,368,1539.430169
-45.0,2,1539.439573
1172.0,400,1542.073709
1167.0,346,1543.069727
1666.0,400,1544.191153
1714.0,400,1549.214692
1811.0,400,1550.79609
1770.0,400,1554.059804
-47.0,1,1554.063108
1583.0,400,1555.235685
831.0,251,1556.054182
1652.0,400,1557.199465
10.0,26,1557.277006
1219.0,400,1558.443613
1522.0,400,1559.644309
1222.0,362,1562.218648
1540.0,400,1563.703207
1682.0,400,1565.412694
1538.0,400,1566.735966
-45.0,2,1566.742052
1333.0,400,1567.880141
1746.0,400,1570.471044
390.0,128,1570.843371
1860.0,400,1571.982872
1068.0,301,1572.833723
17.0,21,1572.900739
1474.0,400,1574.024825
1631.0,400,1575.154455
1582.0,400,1578.575717
668.0,228,1579.335042
1433.0,400,1580.465496
971.0,266,1581.216474
517.0,160,1581.663736
1570.0,400,1582.805249
1269.0,400,1585.460141
1558.0,400,1586.646106
4.0,16,1586.696425
1674.0,400,1587.824688
1450.0,400,1589.111372
1305.0,400,1590.750332
-45.0,2,1590.763145
1567.0,400,1592.311397
1775.0,400,1594.991983
337.0,122,1595.333766
1633.0,400,1596.51492
1497.0,400,1597.67572
263.0,94,1597.93597
1559.0,400,1599.101649
1375.0,400,1601.748409
1699.0,400,1603.347363
1838.0,400,1605.01532
811.0,224,1605.689406
1647.0,400,1606.814475
1129.0,400,1607.966429
-44.0,2,1607.972285
36.0,26,1608.060334
1619.0,400,1610.645801
1709.0,400,1611.790022
1559.0,400,1612.944497
1649.0,400,1614.08105
1506.0,400,1615.260139
1293.0,400,1618.758781
818.0,269,1619.563917
1341.0,400,1620.692368
446.0,160,1621.135888
1440.0,383,1622.217419
1631.0,400,1623.354126
1515.0,400,1626.016473
548.0,156,1626.46006
870.0,224,1630.201649
1045.0,335,1631.553319
1277.0,400,1632.69833
424.0,147,1633.121303
312.0,91,1633.376861
1447.0,400,1634.507681
1641.0,400,1637.216799
351.0,118,1637.5575
24.0,24,1637.627073
1541.0,400,1638.765135
1386.0,400,1639.89517
902.0,233,1640.566916
1690.0,400,1641.931706
1653.0,400,1645.218574
1359.0,400,1646.366589
1555.0,400,1647.481104
1538.0,400,1648.612525
1312.0,400,1649.807776
1352.0,400,1652.392416
1502.0,400,1653.532207
1511.0,400,1654.850471
1501.0,400,1656.526877
1425.0,400,1658.013987
288.0,95,1658.29313
1456.0,400,1660.947713
1716.0,400,1662.086338
622.0,176,1662.60292
1675.0,400,1663.74894
1389.0,400,1664.898229
1671.0,400,1667.549145
-45.0,2,1667.567906
1438.0,400,1669.332765
541.0,186,1670.107302
1658.0,400,1671.458627
1683.0,400,1672.573289
1180.0,400,1673.695376
1708.0,400,1676.373353
51.0,33,1676.478216
1566.0,400,1677.652277
1516.0,400,1678.771342
1398.0,400,1679.964905
1467.0,400,1681.29904
1456.0,400,1684.640098
1414.0,400,1685.758845
1398.0,400,1686.895659
995.0,305,1687.768834
1533.0,400,1688.922164
1646.0,400,1691.556486
233.0,79,1691.774497
1757.0,400,1692.917209
1327.0,400,1694.20744
1595.0,400,1695.867817
1475.0,400,1697.40603
849.0,295,1698.262972
1490.0,400,1700.908282
1224.0,400,1702.048016
1267.0,400,1703.244781
292.0,93,1703.509728
1137.0,400,1704.655503
1627.0,400,1705.797528
1188.0,345,1712.12422
1118.0,394,1713.244904
1621.0,400,1714.378417
1773.0,400,1715.532524
1588.0,400,1716.663303
1349.0,400,1719.299128
1422.0,400,1720.628757
1501.0,400,1722.247305
1402.0,400,1723.704476
-45.0,2,1723.710268
1336.0,400,1724.862485
1654.0,400,1727.486962
144.0,76,1727.711269
1296.0,400,1728.83087
353.0,119,1729.182668
1331.0,400,1730.316766
1670.0,400,1731.447078
1287.0,366,1732.481132
1293.0,400,1735.881082
698.0,239,1736.675599
1443.0,400,1737.82012
60.0,29,1737.902768
1013.0,395,1739.006474
1585.0,400,1740.165259
1346.0,400,1742.765985
1282.0,400,1743.91286
1272.0,400,1745.054824
1419.0,400,1746.202478
1326.0,400,1747.873694
1524.0,400,1750.929868
96.0,51,1751.080722
1518.0,400,1752.226809
1594.0,400,1753.355813
1429.0,400,1754.489202
-22.0,15,1754.530668
678.0,230,1755.196787
1308.0,400,1756.336969
1128.0,329,1758.735927
1355.0,400,1760.1763
1405.0,400,1761.822451
-45.0,2,1761.830712
1575.0,400,1763.178595
458.0,168,1763.691678
1278.0,400,1766.299391
561.0,177,1766.814205
1608.0,400,1767.958368
1355.0,400,1769.094692
1768.0,400,1770.270214
337.0,139,1770.68105
1489.0,400,1771.806212
762.0,400,1775.222665
1472.0,400,1776.418658
743.0,295,1777.273104
1607.0,400,1778.396102
454.0,130,1778.764981
1808.0,400,1779.867866
201.0,75,1780.089816
1732.0,400,1782.671561
-47.0,1,1782.675029
349.0,112,1783.000805
1727.0,400,1784.139567
1470.0,400,1785.271948
1294.0,400,1786.876237
126.0,61,1787.127647
1590.0,400,1793.816151
1433.0,400,1794.908982
148.0,57,1795.076714
1526.0,400,1796.221659
1684.0,400,1797.332329
1253.0,400,1798.467661
1431.0,400,1801.995953
1851.0,400,1803.08986
1014.0,267,1803.850272
69.0,36,1803.951511
1463.0,400,1805.113139
1588.0,400,1806.254466
1389.0,400,1807.401136
1509.0,400,1810.03487
1297.0,400,1811.235037
1517.0,400,1812.77728
1749.0,400,1814.427583
1613.0,400,1815.685681
1145.0,400,1818.266353
1623.0,400,1819.392184
1615.0,400,1820.517842
1634.0,400,1821.666838
1371.0,400,1822.803627
-7.0,14,1822.839247
1840.0,400,1825.771332
1098.0,331,1827.174677
1643.0,400,1828.558168
1794.0,400,1829.690612
1628.0,400,1830.857082
1480.0,325,1833.235812
1310.0,400,1834.329072
1657.0,400,1835.437108
1509.0,400,1836.556868
1032.0,338,1837.49123
1573.0,400,1838.95592
1752.0,400,1842.036538
1457.0,400,1843.167171
10.0,29,1843.249148
1534.0,400,1844.367681
657.0,185,1844.902647
19.0,20,1844.9552
610.0,174,1845.418571
1391.0,400,1846.557658
1550.0,400,1849.121939
483.0,159,1849.55577
268.0,77,1849.766699
1409.0,400,1850.903483
-47.0,1,1850.906856
518.0,164,1851.628794
1400.0,400,1853.216499
360.0,110,1853.658571
1407.0,400,1854.91731
1266.0,400,1857.505675
1468.0,400,1858.595629
1352.0,400,1859.719316
1500.0,400,1860.890908
1621.0,400,1862.022295
1421.0,400,1864.933668
1756.0,400,1866.626675
-43.0,4,1866.643641
1387.0,400,1868.033851
1418.0,400,1872.656359
1505.0,400,1873.995997
944.0,354,1876.50036
1886.0,400,1877.778474
1277.0,400,1879.464708
1672.0,400,1881.131629
1744.0,400,1882.294641
1550.0,400,1885.003432
1739.0,400,1886.147169
1392.0,400,1887.294741
1380.0,400,1888.437952
1707.0,400,1889.570964
1502.0,400,1892.887711
1670.0,400,1894.316092
1416.0,400,1895.473687
1747.0,400,1896.619578
1700.0,400,1897.771444
744.0,212,1898.397465
1787.0,400,1901.018301
1325.0,400,1902.22819
1185.0,400,1903.40528
1540.0,400,1905.065061
-47.0,1,1905.070153
1601.0,400,1906.907843
1449.0,400,1909.672787
589.0,237,1910.397672
1468.0,400,1911.65222
1916.0,400,1912.834903
1405.0,400,1914.010525
1760.0,400,1916.764709
1524.0,400,1918.444424
-47.0,1,1918.450828
1465.0,400,1920.187901
979.0,400,1921.37301
1327.0,400,1922.539387
1641.0,400,1923.675643
1506.0,400,1926.365138
-42.0,4,1926.377201
1591.0,400,1927.65141
-47.0,1,1927.655107
1036.0,312,1928.596664
1071.0,400,1929.762864
1319.0,356,1931.127826
1388.0,400,1934.415456
1356.0,400,1935.538964
1602.0,400,1936.675978
1365.0,400,1937.798775
1392.0,400,1938.944882
1615.0,400,1941.572925
1686.0,400,1942.707482
1592.0,400,1944.135509
1650.0,400,1945.791107
1701.0,400,1947.17445
1573.0,400,1949.856005
1623.0,400,1951.050066
1393.0,400,1955.982335
-23.0,11,1956.023797
1630.0,400,1957.629272
49.0,26,1957.745831
97.0,49,1957.96581
696.0,242,1958.982993
3.0,15,1959.074206
1503.0,400,1961.914746
1447.0,400,1963.077386
1312.0,400,1964.228518
1462.0,400,1965.371459
1508.0,400,1966.505566
1279.0,400,1967.647774
1155.0,363,1970.476859
409.0,135,1971.061139
1567.0,400,1972.749022
1159.0,400,1973.913068
1439.0,400,1975.04657
1428.0,400,1977.715725
1714.0,400,1978.914016
1709.0,400,1980.088956
-5.0,20,1980.149618
1451.0,400,1981.268984
1313.0,400,1982.440579
-20.0,13,1982.473352
1793.0,400,1985.962666
1754.0,400,1987.114031
-45.0,2,1987.119894
1888.0,400,1988.23786
1709.0,400,1989.376467
1599.0,400,1990.503935
564.0,215,1991.127841
1642.0,400,1993.787996
1455.0,400,1994.921176
1161.0,303,1995.779111
-45.0,2,1995.785172
1732.0,400,1997.436241
1661.0,400,1999.083927
50.0,33,1999.18023
1614.0,400,2001.788774
1594.0,400,2002.9061
1749.0,400,2004.032128
1479.0,400,2005.154945
1466.0,400,2006.275261
1453.0,400,2008.889878
1562.0,400,2010.59096
1612.0,400,2012.252696
1029.0,400,2013.399606
1404.0,400,2014.542805
153.0,55,2014.70086
273.0,89,2014.973875
1659.0,400,2017.581764
1652.0,400,2018.749734
1521.0,400,2019.898641
74.0,38,2020.005297
1618.0,400,2021.157738
1546.0,400,2022.348971
1757.0,400,2025.8032
1629.0,400,2026.977776
-47.0,1,2026.98095
1706.0,400,2028.097288
1525.0,400,2029.213929
1014.0,294,2030.059924
1534.0,400,2031.156289
70.0,33,2031.250057
1744.0,400,2038.569111
48.0,34,2038.665046
1607.0,400,2039.828629
1735.0,400,2040.992833
1462.0,400,2042.114056
1820.0,400,2043.275629
861.0,244,2045.444912
1287.0,400,2046.601653
832.0,226,2047.262729
1576.0,400,2048.443276
1605.0,400,2050.132809
1534.0,400,2051.694006
1536.0,400,2054.293401
1904.0,400,2055.430863
1648.0,400,2056.550097
1727.0,400,2057.694085
953.0,302,2058.554071
1635.0,400,2061.197484
1537.0,400,2062.798508
677.0,170,2063.478563
1579.0,400,2064.958101
1477.0,400,2066.091623
1593.0,400,2067.243793
261.0,81,2068.937837
102.0,46,2069.082315
1501.0,400,2070.202272
1689.0,400,2071.319396
1744.0,400,2072.494306
1494.0,400,2073.651157
35.0,22,2073.719101
1694.0,400,2076.996523
1648.0,400,2078.313832
1721.0,400,2079.432375
1450.0,400,2080.587973
1943.0,400,2081.72119
1320.0,400,2084.301372
1415.0,400,2085.47289
336.0,115,2085.80464
1720.0,400,2086.935195
1540.0,400,2088.312838
1465.0,398,2089.966399
-30.0,9,2090.009637
1169.0,400,2092.871649
1899.0,400,2094.009894
1606.0,400,2095.142074
1465.0,400,2096.258129
-43.0,4,2096.269177
491.0,136,2096.649274
1830.0,400,2097.777045
674.0,204,2098.365719
637.0,167,2100.316446
1318.0,400,2101.854426
312.0,98,2102.250389
1332.0,400,2103.912978
1345.0,400,2105.040983
1727.0,400,2106.163066
1060.0,262,2108.379639
1604.0,400,2109.501791
-37.0,4,2109.512839
1623.0,400,2110.631528
838.0,243,2111.324102
1566.0,400,2112.446023
1380.0,400,2118.175817
1563.0,400,2120.820484
1883.0,400,2121.946971
1611.0,400,2123.062309
1751.0,400,2124.178942
1620.0,400,2125.309164
1714.0,400,2128.404683
1536.0,400,2130.074158
705.0,227,2130.737296
1375.0,400,2131.858803
1241.0,400,2132.985
1459.0,400,2134.17189
-47.0,1,2134.175263
1502.0,400,2136.797646
1594.0,400,2137.926227
1701.0,400,2139.043489
-47.0,1,2139.04678
1580.0,400,2140.284849
1592.0,400,2141.952828
391.0,107,2144.092016
1545.0,400,2145.21009
1625.0,400,2146.330173
1660.0,400,2147.464974
1329.0,378,2148.514071
1376.0,385,2149.596946
1489.0,400,2152.16677
-4.0,14,2152.210425
1544.0,400,2153.475436
1653.0,400,2155.129429
1077.0,400,2156.622637
1785.0,400,2157.76611
1624.0,400,2160.379038
1362.0,400,2161.514735
32.0,19,2161.573917
-44.0,2,2161.579629
1385.0,400,2162.694579
1642.0,400,2163.888577
1570.0,400,2165.044502
1366.0,367,2168.130729
1606.0,400,2169.610708
1144.0,400,2170.728451
1738.0,400,2171.870496
1631.0,400,2173.005429
1458.0,400,2175.611721
1745.0,400,2176.732314
1308.0,400,2177.878901
1563.0,400,2179.028703
-44.0,2,2179.0344
1568.0,400,2180.625253
1582.0,400,2183.803288
1256.0,400,2184.933416
1666.0,400,2186.069743
1311.0,326,2187.036837
1626.0,400,2188.17458
574.0,234,2188.852312
1482.0,400,2191.475669
842.0,230,2192.14064
1449.0,400,2193.740189
1041.0,360,2195.287982
-47.0,1,2195.292952
1501.0,400,2200.345575
1219.0,319,2201.256166
1381.0,400,2203.939718
1567.0,400,2205.066445
607.0,178,2205.624531
1712.0,400,2207.325906
936.0,263,2208.470748
-43.0,3,2208.484554
931.0,281,2209.30907
1563.0,400,2211.943128
1757.0,400,2213.076203
1426.0,400,2214.207198
1429.0,386,2215.301291
-45.0,2,2215.311487
1416.0,400,2216.428087
1838.0,400,2219.250709
1604.0,400,2220.925516
1685.0,400,2222.366457
1637.0,400,2223.525407
-47.0,1,2223.529299
815.0,205,2224.140282
1734.0,400,2225.292037
-37.0,5,2225.306429
311.0,123,2227.172841
1445.0,400,2228.315223
1136.0,337,2229.279899
67.0,38,2229.393153
805.0,208,2229.962169
1640.0,400,2231.092044
1393.0,400,2232.517744
1514.0,400,2235.837969
-10.0,22,2235.9071
100.0,46,2236.052412
1859.0,400,2237.249338
1466.0,400,2238.386673
1836.0,400,2239.504074
1487.0,400,2240.63984
1908.0,400,2243.228875
1546.0,400,2244.348822
641.0,207,2245.031791
195.0,57,2245.2723
1693.0,400,2246.911103
884.0,283,2248.065264
623.0,204,2248.650261
1499.0,400,2251.256946
1428.0,400,2252.408621
1601.0,400,2253.542607
1071.0,400,2254.747243
1446.0,400,2255.88156
1414.0,400,2258.81731
1559.0,400,2260.557425
1547.0,400,2261.928358
94.0,40,2262.041079
338.0,85,2262.279273
538.0,167,2262.754
1075.0,290,2263.59866
1462.0,400,2264.717968
1478.0,400,2267.321494
1532.0,400,2268.448523
1773.0,400,2269.550922
1622.0,400,2270.664745
1587.0,400,2272.153022
1651.0,400,2275.390448
1398.0,400,2276.518318
1268.0,400,2281.298856
947.0,258,2282.048465
1712.0,400,2283.222521
52.0,31,2283.308376
-44.0,2,2283.314295
1548.0,400,2284.602064
1199.0,400,2288.045403
239.0,91,2288.287248
1323.0,400,2289.455294
1283.0,389,2290.572958
1587.0,400,2291.730747
1714.0,400,2294.323993
1322.0,359,2295.331459
1811.0,400,2296.44824
1434.0,400,2297.691294
1800.0,400,2299.322011
1539.0,400,2300.892957
1266.0,397,2303.513712
557.0,154,2303.949898
1061.0,400,2305.079443
249.0,75,2305.286612
1823.0,400,2306.418234
1385.0,400,2307.56139
1776.0,400,2310.165855
1814.0,400,2311.667264
1551.0,400,2313.320047
639.0,168,2313.942178
1259.0,400,2315.118399
1628.0,400,2316.254625
1417.0,397,2318.817723
1527.0,400,2319.960781
1924.0,400,2321.075512
112.0,37,2321.181643
465.0,129,2321.555789
1556.0,400,2322.703279
1559.0,400,2323.901418
1522.0,400,2327.248994
1643.0,400,2328.358031
1521.0,400,2329.487709
1024.0,302,2330.333157
618.0,156,2330.80653
1253.0,400,2331.91816
1114.0,387,2334.501398
1104.0,313,2335.387076
1565.0,400,2336.488207
1341.0,400,2338.039049
1587.0,400,2339.734056
776.0,224,2341.829527
1299.0,400,2343.036529
1674.0,400,2344.133072
1462.0,400,2345.281254
246.0,71,2345.497808
1000.0,317,2346.377915
-39.0,4,2346.388438
1409.0,400,2347.494502
-36.0,7,2347.514153
1653.0,400,2350.242395
975.0,362,2351.699449
1496.0,400,2353.194432
1654.0,400,2354.313457
1685.0,400,2355.453464
1294.0,400,2358.057781
1630.0,400,2362.840666
1739.0,400,2364.548727
218.0,74,2364.847255
1779.0,400,2366.353274
1637.0,400,2367.465053
1538.0,400,2370.000444
1418.0,400,2371.118214
1738.0,400,2372.229663
1511.0,400,2373.342738
1788.0,400,2374.454871
1600.0,400,2377.620895
1491.0,400,2379.211629
1651.0,400,2380.344895
1472.0,400,2381.471976
-47.0,1,2381.475309
101.0,49,2381.626278
-47.0,1,2381.630932
1481.0,400,2382.775389
1267.0,400,2385.374018
1271.0,400,2386.487626
1690.0,400,2387.601306
1670.0,400,2388.7069
1746.0,400,2390.245435
1279.0,400,2393.355011
1242.0,400,2394.480799
1612.0,400,2395.596099
518.0,142,2395.974694
44.0,25,2396.03843
1649.0,400,2397.180861
303.0,99,2397.459209
1472.0,400,2400.058879
1590.0,400,2401.177402
1687.0,400,2402.443153
1319.0,400,2404.126636
1664.0,400,2405.576769
1333.0,400,2408.246894
1438.0,400,2409.356988
1592.0,400,2410.497317
1471.0,400,2411.622837
282.0,94,2411.879305
1463.0,400,2412.985981
1769.0,400,2415.771699
1633.0,400,2417.401808
1645.0,400,2418.812585
1332.0,400,2419.944402
1425.0,400,2421.093155
1466.0,400,2423.670279
1510.0,400,2424.833172
589.0,173,2425.319536
1162.0,400,2426.444207
1524.0,400,2427.579726
1685.0,400,2428.935979
1464.0,400,2432.224039
1415.0,400,2433.341796
1732.0,400,2434.436044
1600.0,400,2435.557483
1355.0,400,2436.722207
364.0,113,2437.037715
1329.0,305,2443.912901
1692.0,400,2445.161986
1644.0,400,2446.284169
1824.0,400,2447.401893
1675.0,400,2448.532977
1934.0,400,2451.089678
1132.0,400,2452.216671
1719.0,400,2453.343553
1689.0,400,2454.608039
1411.0,400,2456.308938
91.0,43,2456.485971
1048.0,400,2459.400429
538.0,161,2459.838836
1283.0,400,2460.953305
1812.0,400,2462.088663
1708.0,400,2463.207271
1668.0,400,2464.316092
268.0,88,2464.583158
-35.0,8,2464.605416
111.0,40,2464.717059
1041.0,400,2467.418985
1453.0,400,2469.044721
1265.0,347,2470.482266
1755.0,400,2471.616565
1541.0,400,2472.722425
1448.0,400,2475.310984
212.0,92,2475.579823
1384.0,400,2476.731807
-45.0,2,2476.737843
1543.0,400,2477.862007
1182.0,387,2478.946763
1214.0,303,2479.8063
1546.0,400,2483.170696
1799.0,400,2484.420734
-30.0,8,2484.448997
1107.0,292,2485.277902
1727.0,400,2486.420405
1714.0,400,2487.566477
579.0,225,2488.220917
1675.0,400,2490.842787
475.0,134,2491.224654
1534.0,400,2492.404181
1445.0,400,2493.595851
1762.0,400,2495.238133
228.0,73,2495.554711
1894.0,400,2497.124727
69.0,32,2498.699946
1596.0,400,2499.850336
1850.0,400,2500.966173
1682.0,400,2502.111281
1555.0,400,2503.232983
-47.0,1,2503.236121
1438.0,400,2504.349502
1698.0,400,2507.10274
1757.0,400,2508.709305
1520.0,400,2510.197441
1551.0,400,2511.333596
1721.0,400,2512.449778
-45.0,2,2512.456462
1660.0,400,2515.026474
1244.0,400,2516.170434
-42.0,5,2516.190374
1641.0,400,2517.332339
267.0,136,2517.700941
1378.0,356,2523.336255
1571.0,400,2524.457695
1605.0,400,2527.066192
1550.0,400,2528.185482
1680.0,400,2529.288906
218.0,93,2529.549114
911.0,268,2530.297718
1414.0,400,2531.411006
919.0,254,2533.929615
21.0,20,2534.03119
1721.0,400,2535.664128
1513.0,400,2536.815846
1525.0,400,2537.924052
1822.0,400,2539.033049
741.0,356,2541.492416
1517.0,400,2542.600638
1570.0,400,2543.718372
1032.0,325,2544.631851
-45.0,2,2544.637182
1089.0,392,2545.753672
729.0,214,2546.653554
